Time,rnti,SFN,format,preamble,ta,nb_TB,MCSi_1,MCSi_2,TBS_1,TBS_2,nb_PRB,connection_id
1666257032947,65535,5545,2.0,0.0,0.0,1,6,-2,176,-2,4,3
1666257033003,65535,5601,2.0,0.0,0.0,1,10,-2,328,-2,6,3
1666257033182,65535,5780,2.0,0.0,0.0,1,1,-2,88,-2,2,3
1666257033187,65535,5785,2.0,0.0,0.0,1,6,-2,176,-2,4,3
1666257033202,65535,5800,2.0,0.0,0.0,1,1,-2,56,-2,2,3
1666257033207,65535,5805,2.0,0.0,0.0,1,6,-2,176,-2,4,3
1666257033211,65534,5809,2.0,0.0,0.0,1,3,-2,104,-2,5,2
1666257033222,65535,5820,2.0,0.0,0.0,1,6,-2,176,-2,4,3
1666257033227,65535,5825,2.0,0.0,0.0,1,6,-2,176,-2,4,3
1666257033242,65535,5840,2.0,0.0,0.0,1,4,-2,120,-2,3,3
1666257033247,65535,5845,2.0,0.0,0.0,1,6,-2,176,-2,4,3
1666257033267,65535,5865,2.0,0.0,0.0,1,6,-2,176,-2,4,3
1666257033287,65535,5885,2.0,0.0,0.0,1,6,-2,176,-2,4,3
1666257033288,2,5886,2.0,0.0,0.0,1,1,-2,56,-2,3,1
1666257033291,65534,5889,2.0,0.0,0.0,1,3,-2,104,-2,5,2
1666257033301,19379,5899,2.0,25.0,4.0,1,0,-2,328,-2,12,5
1666257033307,65535,5905,2.0,0.0,0.0,1,6,-2,176,-2,4,3
1666257033309,19379,5907,0.0,25.0,4.0,1,5,-2,680,-2,8,5
1666257033310,19379,5908,0.0,25.0,4.0,1,5,-2,680,-2,8,5
1666257033311,19379,5909,0.0,25.0,4.0,1,5,-2,680,-2,8,5
1666257033312,19379,5910,0.0,25.0,4.0,1,5,-2,680,-2,8,5
1666257033315,19379,5913,0.0,25.0,4.0,1,5,-2,680,-2,8,5
1666257033316,19379,5914,0.0,25.0,4.0,1,0,-2,256,-2,10,5
1666257033317,19379,5915,0.0,25.0,4.0,1,5,-2,680,-2,8,5
1666257033318,19379,5916,6.0,25.0,4.0,1,0,-2,88,-2,4,5
1666257033323,65535,5921,2.0,0.0,0.0,1,10,-2,328,-2,6,3
1666257033327,65535,5925,2.0,0.0,0.0,1,6,-2,176,-2,4,3
1666257033331,65534,5929,2.0,0.0,0.0,1,4,-2,208,-2,9,2
1666257033334,65535,5932,2.0,0.0,0.0,1,10,-2,328,-2,6,3
1666257033342,65535,5940,2.0,0.0,0.0,1,1,-2,88,-2,2,3
1666257033347,19379,5945,6.0,25.0,4.0,1,0,-2,208,-2,8,5
1666257033347,65535,5945,2.0,0.0,0.0,1,6,-2,176,-2,4,3
1666257033348,19379,5946,6.0,25.0,4.0,1,0,-2,328,-2,12,5
1666257033355,19379,5953,0.0,25.0,4.0,1,19,-2,4008,-2,10,5
1666257033357,19379,5955,0.0,25.0,4.0,1,19,-2,4008,-2,10,5
1666257033358,19379,5956,0.0,25.0,4.0,1,3,-2,568,-2,10,5
1666257033359,19379,5957,0.0,25.0,4.0,1,17,-2,3240,-2,10,5
1666257033360,19379,5958,0.0,25.0,4.0,1,18,-2,3624,-2,10,5
1666257033361,19379,5959,0.0,25.0,4.0,1,18,-2,3624,-2,10,5
1666257033362,65535,5960,2.0,0.0,0.0,1,1,-2,56,-2,2,3
1666257033367,65535,5965,2.0,0.0,0.0,1,6,-2,176,-2,4,3
1666257033370,19379,5968,6.0,25.0,4.0,1,0,-2,872,-2,32,5
1666257033371,65534,5969,2.0,0.0,0.0,1,1,-2,56,-2,3,2
1666257033378,19379,5976,0.0,25.0,4.0,1,16,-2,1224,-2,4,5
1666257033382,19379,5980,0.0,25.0,4.0,1,17,-2,1288,-2,4,5
1666257033383,19379,5981,0.0,25.0,4.0,1,9,-2,616,-2,4,5
1666257033387,65535,5985,2.0,0.0,0.0,1,6,-2,176,-2,4,3
1666257033388,19379,5986,0.0,25.0,4.0,1,1,-2,176,-2,5,5
1666257033389,19379,5987,0.0,25.0,4.0,1,0,-2,208,-2,8,5
1666257033391,19379,5989,6.0,25.0,4.0,1,0,-2,88,-2,4,5
1666257033393,19379,5991,0.0,25.0,4.0,1,22,-2,1864,-2,4,5
1666257033397,19379,5995,6.0,25.0,4.0,1,0,-2,88,-2,4,5
1666257033402,65535,6000,2.0,0.0,0.0,1,4,-2,120,-2,3,3
1666257033407,65535,6005,2.0,0.0,0.0,1,6,-2,176,-2,4,3
1666257033427,65535,6025,2.0,0.0,0.0,1,6,-2,176,-2,4,3
1666257033447,65535,6045,2.0,0.0,0.0,1,6,-2,176,-2,4,3
1666257033451,65534,6049,2.0,0.0,0.0,1,3,-2,104,-2,5,2
1666257033467,65535,6065,2.0,0.0,0.0,1,6,-2,176,-2,4,3
1666257033483,65535,6081,2.0,0.0,0.0,1,10,-2,328,-2,6,3
1666257033487,65535,6085,2.0,0.0,0.0,1,6,-2,176,-2,4,3
1666257033491,65534,6089,2.0,0.0,0.0,1,1,-2,56,-2,3,2
1666257033494,65535,6092,2.0,0.0,0.0,1,10,-2,328,-2,6,3
1666257033502,65535,6100,2.0,0.0,0.0,1,1,-2,88,-2,2,3
1666257033507,65535,6105,2.0,0.0,0.0,1,6,-2,176,-2,4,3
1666257033522,65535,6120,2.0,0.0,0.0,1,1,-2,56,-2,2,3
1666257033527,65535,6125,2.0,0.0,0.0,1,6,-2,176,-2,4,3
1666257033542,65535,6140,2.0,0.0,0.0,1,6,-2,176,-2,4,3
1666257033547,65535,6145,2.0,0.0,0.0,1,6,-2,176,-2,4,3
1666257033562,65535,6160,2.0,0.0,0.0,1,4,-2,120,-2,3,3
1666257033567,65535,6165,2.0,0.0,0.0,1,6,-2,176,-2,4,3
1666257033572,19379,6170,0.0,25.0,4.0,1,29,-2,0,-2,2,5
1666257033587,65535,6185,2.0,0.0,0.0,1,6,-2,176,-2,4,3
1666257033607,65535,6205,2.0,0.0,0.0,1,6,-2,176,-2,4,3
1666257033611,65534,6209,2.0,0.0,0.0,1,1,-2,56,-2,3,2
1666257033627,65535,6225,2.0,0.0,0.0,1,6,-2,176,-2,4,3
1666257033643,65535,6241,2.0,0.0,0.0,1,10,-2,328,-2,6,3
1666257033647,65535,6245,2.0,0.0,0.0,1,6,-2,176,-2,4,3
1666257033654,65535,6252,2.0,0.0,0.0,1,10,-2,328,-2,6,3
1666257033658,2,6256,2.0,0.0,0.0,1,1,-2,56,-2,3,1
1666257033662,65535,6260,2.0,0.0,0.0,1,1,-2,88,-2,2,3
1666257033667,65535,6265,2.0,0.0,0.0,1,6,-2,176,-2,4,3
1666257033679,31355,6277,0.0,29.0,3.0,1,5,-2,680,-2,8,6
1666257033682,31355,6280,0.0,29.0,3.0,1,5,-2,680,-2,8,6
1666257033682,65535,6280,2.0,0.0,0.0,1,1,-2,56,-2,2,3
1666257033687,65535,6285,2.0,0.0,0.0,1,6,-2,176,-2,4,3
1666257033688,31355,6286,0.0,29.0,3.0,1,19,-2,776,-2,2,6
1666257033690,31355,6288,0.0,29.0,3.0,1,20,-2,840,-2,2,6
1666257033691,65534,6289,2.0,0.0,0.0,1,1,-2,56,-2,3,2
1666257033692,31355,6290,0.0,29.0,3.0,1,20,-2,840,-2,2,6
1666257033694,31355,6292,0.0,29.0,3.0,1,20,-2,840,-2,2,6
1666257033696,31355,6294,6.0,29.0,3.0,1,0,-2,88,-2,4,6
1666257033707,65535,6305,2.0,0.0,0.0,1,6,-2,176,-2,4,3
1666257033708,2,6306,2.0,0.0,0.0,1,1,-2,56,-2,3,1
1666257033711,54519,6309,0.0,48.0,8.0,1,5,-2,144,-2,2,8
1666257033717,54519,6315,0.0,48.0,8.0,1,2,-2,520,-2,12,8
1666257033718,54519,6316,0.0,48.0,8.0,1,12,-2,176,-2,1,8
1666257033718,54519,6316,6.0,48.0,8.0,1,0,-2,88,-2,4,8
1666257033719,54519,6317,6.0,48.0,8.0,1,0,-2,208,-2,8,8
1666257033720,54519,6318,6.0,48.0,8.0,1,0,-2,424,-2,16,8
1666257033722,65535,6320,2.0,0.0,0.0,1,4,-2,120,-2,3,3
1666257033724,31355,6322,6.0,29.0,3.0,1,1,-2,176,-2,4,6
1666257033725,31355,6323,6.0,29.0,3.0,1,15,-2,1864,-2,4,6
1666257033727,65535,6325,2.0,0.0,0.0,1,6,-2,176,-2,4,3
1666257033728,54519,6326,0.0,48.0,8.0,1,15,-2,1128,-2,4,8
1666257033730,54519,6328,0.0,48.0,8.0,1,15,-2,1416,-2,5,8
1666257033731,65534,6329,2.0,0.0,0.0,1,4,-2,208,-2,9,2
1666257033732,31355,6330,0.0,29.0,3.0,1,28,-2,712,-2,1,6
1666257033733,54519,6331,0.0,48.0,8.0,1,14,-2,1256,-2,5,8
1666257033734,31355,6332,0.0,29.0,3.0,1,28,-2,712,-2,1,6
1666257033736,54519,6334,6.0,48.0,8.0,1,0,-2,88,-2,4,8
1666257033736,31355,6334,0.0,29.0,3.0,1,28,-2,712,-2,1,6
1666257033737,31355,6335,0.0,29.0,3.0,1,28,-2,712,-2,1,6
1666257033741,54519,6339,0.0,48.0,8.0,1,2,-2,1192,-2,27,8
1666257033742,54519,6340,0.0,48.0,8.0,1,2,-2,1192,-2,27,8
1666257033743,54519,6341,0.0,48.0,8.0,1,5,-2,1384,-2,16,8
1666257033744,54519,6342,0.0,48.0,8.0,1,14,-2,488,-2,2,8
1666257033747,65535,6345,2.0,0.0,0.0,1,6,-2,176,-2,4,3
1666257033748,31355,6346,0.0,29.0,3.0,1,27,-2,2536,-2,4,6
1666257033752,54519,6350,6.0,48.0,8.0,1,7,-2,904,-2,4,8
1666257033767,65535,6365,2.0,0.0,0.0,1,6,-2,176,-2,4,3
1666257033767,31355,6365,6.0,29.0,3.0,1,3,-2,392,-2,4,6
1666257033769,31355,6367,0.0,29.0,3.0,1,28,-2,2984,-2,4,6
1666257033771,65534,6369,2.0,0.0,0.0,1,5,-2,144,-2,6,2
1666257033772,19379,6370,0.0,25.0,4.0,1,29,-2,0,-2,1,5
1666257033775,31355,6373,6.0,29.0,3.0,1,13,-2,1544,-2,4,6
1666257033775,31355,6373,0.0,29.0,3.0,1,28,-2,712,-2,1,6
1666257033777,31355,6375,6.0,29.0,3.0,1,2,-2,256,-2,4,6
1666257033778,2,6376,2.0,0.0,0.0,1,1,-2,56,-2,3,1
1666257033787,54519,6385,6.0,48.0,8.0,1,13,-2,26416,-2,67,8
1666257033787,65535,6385,2.0,0.0,0.0,1,6,-2,176,-2,4,3
1666257033788,54519,6386,0.0,48.0,8.0,1,13,-2,904,-2,4,8
1666257033788,54519,6386,6.0,48.0,8.0,1,13,-2,28336,-2,71,8
1666257033788,31355,6386,0.0,29.0,3.0,1,27,-2,2536,-2,4,6
1666257033789,54519,6387,6.0,48.0,8.0,1,14,-2,32856,-2,75,8
1666257033790,54519,6388,6.0,48.0,8.0,1,7,-2,4584,-2,20,8
1666257033791,18863,6389,2.0,27.0,2.0,1,0,-2,328,-2,12,4
1666257033798,54519,6396,0.0,48.0,8.0,1,15,-2,1128,-2,4,8
1666257033799,18863,6397,0.0,27.0,2.0,1,5,-2,680,-2,8,4
1666257033803,18863,6401,0.0,27.0,2.0,1,5,-2,328,-2,4,4
1666257033803,65535,6401,2.0,0.0,0.0,1,10,-2,328,-2,6,3
1666257033805,54519,6403,0.0,48.0,8.0,1,18,-2,1064,-2,3,8
1666257033807,18863,6405,0.0,27.0,2.0,1,30,-2,328,-2,8,4
1666257033807,65535,6405,2.0,0.0,0.0,1,6,-2,176,-2,4,3
1666257033811,65534,6409,2.0,0.0,0.0,1,3,-2,104,-2,5,2
1666257033814,65535,6412,2.0,0.0,0.0,1,10,-2,328,-2,6,3
1666257033815,18863,6413,0.0,27.0,2.0,1,31,-2,328,-2,8,4
1666257033816,31355,6414,6.0,29.0,3.0,1,2,-2,256,-2,4,6
1666257033817,31355,6415,6.0,29.0,3.0,1,13,-2,1544,-2,4,6
1666257033818,54519,6416,0.0,48.0,8.0,1,17,-2,1288,-2,4,8
1666257033819,18863,6417,0.0,27.0,2.0,1,20,-2,840,-2,2,4
1666257033822,65535,6420,2.0,0.0,0.0,1,1,-2,88,-2,2,3
1666257033823,18863,6421,6.0,27.0,2.0,1,0,-2,88,-2,4,4
1666257033827,54519,6425,6.0,48.0,8.0,1,8,-2,1000,-2,4,8
1666257033827,65535,6425,2.0,0.0,0.0,1,6,-2,176,-2,4,3
1666257033827,18863,6425,0.0,27.0,2.0,1,20,-2,840,-2,2,4
1666257033838,54519,6436,0.0,48.0,8.0,1,17,-2,1288,-2,4,8
1666257033842,65535,6440,2.0,0.0,0.0,1,1,-2,56,-2,2,3
1666257033845,54519,6443,0.0,48.0,8.0,1,15,-2,8504,-2,30,8
1666257033846,54519,6444,0.0,48.0,8.0,1,24,-2,520,-2,1,8
1666257033847,31355,6445,6.0,29.0,3.0,1,12,-2,1416,-2,4,6
1666257033847,65535,6445,2.0,0.0,0.0,1,6,-2,176,-2,4,3
1666257033850,18863,6448,6.0,27.0,2.0,1,15,-2,1864,-2,4,4
1666257033851,65534,6449,2.0,0.0,0.0,1,1,-2,56,-2,3,2
1666257033853,54519,6451,0.0,48.0,8.0,1,30,-2,520,-2,30,8
1666257033858,31355,6456,0.0,29.0,3.0,1,26,-2,2408,-2,4,6
1666257033858,18863,6456,0.0,27.0,2.0,1,26,-2,1192,-2,2,4
1666257033860,18863,6458,0.0,27.0,2.0,1,27,-2,616,-2,1,4
1666257033862,65535,6460,2.0,0.0,0.0,1,6,-2,176,-2,4,3
1666257033865,31355,6463,0.0,29.0,3.0,1,28,-2,4392,-2,6,6
1666257033867,31355,6465,6.0,29.0,3.0,2,27,27,4008,4008,4,6
1666257033867,65535,6465,2.0,0.0,0.0,1,6,-2,176,-2,4,3
1666257033867,54519,6465,6.0,48.0,8.0,1,7,-2,904,-2,4,8
1666257033873,31355,6471,0.0,29.0,3.0,1,30,-2,4392,-2,6,6
1666257033873,18863,6471,0.0,27.0,2.0,1,26,-2,2408,-2,4,4
1666257033876,54519,6474,6.0,48.0,8.0,1,0,-2,88,-2,4,8
1666257033878,54519,6476,0.0,48.0,8.0,1,24,-2,2152,-2,4,8
1666257033882,65535,6480,2.0,0.0,0.0,1,4,-2,120,-2,3,3
1666257033882,18863,6480,6.0,27.0,2.0,1,0,-2,88,-2,4,4
1666257033883,18863,6481,6.0,27.0,2.0,1,1,-2,176,-2,4,4
1666257033886,54519,6484,0.0,48.0,8.0,1,30,-2,2152,-2,4,8
1666257033887,31355,6485,6.0,29.0,3.0,1,11,-2,1288,-2,4,6
1666257033887,65535,6485,2.0,0.0,0.0,1,6,-2,176,-2,4,3
1666257033891,31355,6489,6.0,29.0,3.0,1,8,-2,1000,-2,4,6
1666257033891,18863,6489,0.0,27.0,2.0,1,26,-2,584,-2,1,4
1666257033893,54519,6491,0.0,48.0,8.0,1,18,-2,1800,-2,5,8
1666257033898,18863,6496,0.0,27.0,2.0,1,27,-2,1256,-2,2,4
1666257033900,31355,6498,0.0,29.0,3.0,1,27,-2,616,-2,1,6
1666257033901,54519,6499,0.0,48.0,8.0,1,30,-2,1800,-2,5,8
1666257033902,31355,6500,0.0,29.0,3.0,1,27,-2,616,-2,1,6
1666257033904,31355,6502,0.0,29.0,3.0,1,27,-2,616,-2,1,6
1666257033906,31355,6504,0.0,29.0,3.0,1,24,-2,520,-2,1,6
1666257033907,65535,6505,2.0,0.0,0.0,1,6,-2,176,-2,4,3
1666257033908,18863,6506,0.0,27.0,2.0,1,27,-2,1256,-2,2,4
1666257033910,31355,6508,0.0,29.0,3.0,1,27,-2,616,-2,1,6
1666257033918,54519,6516,0.0,48.0,8.0,1,17,-2,1288,-2,4,8
1666257033918,31355,6516,0.0,29.0,3.0,1,26,-2,2408,-2,4,6
1666257033919,18863,6517,6.0,27.0,2.0,1,2,-2,256,-2,4,4
1666257033920,31355,6518,0.0,29.0,3.0,1,29,-2,0,-2,2,6
1666257033922,54519,6520,6.0,48.0,8.0,1,6,-2,1608,-2,8,8
1666257033923,18863,6521,0.0,27.0,2.0,1,27,-2,2536,-2,4,4
1666257033925,54519,6523,6.0,48.0,8.0,1,14,-2,1736,-2,4,8
1666257033927,31355,6525,6.0,29.0,3.0,1,12,-2,1416,-2,4,6
1666257033927,65535,6525,2.0,0.0,0.0,1,6,-2,176,-2,4,3
1666257033928,31355,6526,6.0,29.0,3.0,1,2,-2,256,-2,4,6
1666257033931,18863,6529,6.0,27.0,2.0,1,2,-2,256,-2,4,4
1666257033931,65534,6529,2.0,0.0,0.0,1,1,-2,56,-2,3,2
1666257033932,19379,6530,0.0,25.0,4.0,1,29,-2,0,-2,2,5
1666257033936,31355,6534,0.0,29.0,3.0,1,29,-2,0,-2,2,6
1666257033947,65535,6545,2.0,0.0,0.0,1,6,-2,176,-2,4,3
1666257033950,54519,6548,6.0,48.0,8.0,1,7,-2,8248,-2,36,8
1666257033956,31355,6554,0.0,29.0,3.0,1,27,-2,1256,-2,2,6
1666257033963,65535,6561,2.0,0.0,0.0,1,10,-2,328,-2,6,3
1666257033965,31355,6563,6.0,29.0,3.0,1,11,-2,1288,-2,4,6
1666257033967,65535,6565,2.0,0.0,0.0,1,6,-2,176,-2,4,3
1666257033968,54519,6566,0.0,48.0,8.0,1,24,-2,2152,-2,4,8
1666257033974,65535,6572,2.0,0.0,0.0,1,10,-2,328,-2,6,3
1666257033976,54519,6574,0.0,48.0,8.0,1,30,-2,2152,-2,4,8
1666257033982,65535,6580,2.0,0.0,0.0,1,1,-2,88,-2,2,3
1666257033984,54519,6582,0.0,48.0,8.0,1,22,-2,2792,-2,6,8
1666257033987,65535,6585,2.0,0.0,0.0,1,6,-2,176,-2,4,3
1666257033992,54519,6590,0.0,48.0,8.0,1,30,-2,2792,-2,6,8
1666257034000,54519,6598,0.0,48.0,8.0,1,21,-2,3496,-2,8,8
1666257034002,65535,6600,2.0,0.0,0.0,1,1,-2,56,-2,2,3
1666257034007,31355,6605,6.0,29.0,3.0,2,25,25,6456,6456,8,6
1666257034007,65535,6605,2.0,0.0,0.0,1,6,-2,176,-2,4,3
1666257034008,54519,6606,6.0,48.0,8.0,1,0,-2,88,-2,4,8
1666257034013,54519,6611,6.0,48.0,8.0,1,12,-2,1416,-2,4,8
1666257034018,31355,6616,0.0,29.0,3.0,1,26,-2,2408,-2,4,6
1666257034020,54519,6618,6.0,48.0,8.0,1,14,-2,20616,-2,48,8
1666257034021,54519,6619,6.0,48.0,8.0,1,13,-2,9528,-2,24,8
1666257034027,65535,6625,2.0,0.0,0.0,1,6,-2,176,-2,4,3
1666257034038,54519,6636,0.0,48.0,8.0,1,25,-2,2280,-2,4,8
1666257034042,65535,6640,2.0,0.0,0.0,1,4,-2,120,-2,3,3
1666257034046,54519,6644,0.0,48.0,8.0,1,30,-2,2280,-2,4,8
1666257034047,65535,6645,2.0,0.0,0.0,1,6,-2,176,-2,4,3
1666257034047,54519,6645,6.0,48.0,8.0,1,7,-2,4584,-2,20,8
1666257034051,65534,6649,2.0,0.0,0.0,1,4,-2,208,-2,9,2
1666257034054,54519,6652,0.0,48.0,8.0,1,31,-2,2280,-2,4,8
1666257034058,54519,6656,0.0,48.0,8.0,1,14,-2,1000,-2,4,8
1666257034065,54519,6663,0.0,48.0,8.0,1,13,-2,4136,-2,18,8
1666257034067,65535,6665,2.0,0.0,0.0,1,6,-2,176,-2,4,3
1666257034067,54519,6665,6.0,48.0,8.0,1,0,-2,88,-2,4,8
1666257034073,54519,6671,0.0,48.0,8.0,1,30,-2,4136,-2,18,8
1666257034081,54519,6679,0.0,48.0,8.0,1,31,-2,4136,-2,18,8
1666257034082,18863,6680,0.0,27.0,2.0,1,29,-2,0,-2,1,4
1666257034087,65535,6685,2.0,0.0,0.0,1,6,-2,176,-2,4,3
1666257034087,31355,6685,0.0,29.0,3.0,1,29,-2,0,-2,2,6
1666257034088,31355,6686,0.0,29.0,3.0,1,26,-2,2408,-2,4,6
1666257034092,19379,6690,0.0,25.0,4.0,1,29,-2,0,-2,2,5
1666257034098,54519,6696,0.0,48.0,8.0,1,25,-2,2280,-2,4,8
1666257034103,54519,6701,6.0,48.0,8.0,1,6,-2,1608,-2,8,8
1666257034106,54519,6704,0.0,48.0,8.0,1,30,-2,2280,-2,4,8
1666257034107,65535,6705,2.0,0.0,0.0,1,6,-2,176,-2,4,3
1666257034109,54519,6707,6.0,48.0,8.0,1,5,-2,1384,-2,8,8
1666257034110,54519,6708,0.0,48.0,8.0,1,23,-2,1480,-2,3,8
1666257034113,54519,6711,6.0,48.0,8.0,1,0,-2,88,-2,4,8
1666257034114,54519,6712,0.0,48.0,8.0,1,15,-2,1416,-2,5,8
1666257034117,54519,6715,0.0,48.0,8.0,1,29,-2,1416,-2,2,8
1666257034123,65535,6721,2.0,0.0,0.0,1,10,-2,328,-2,6,3
1666257034127,65535,6725,2.0,0.0,0.0,1,6,-2,176,-2,4,3
1666257034128,54519,6726,0.0,48.0,8.0,1,24,-2,2152,-2,4,8
1666257034131,65534,6729,2.0,0.0,0.0,1,3,-2,104,-2,5,2
1666257034131,54519,6729,6.0,48.0,8.0,1,14,-2,29296,-2,67,8
1666257034132,54519,6730,6.0,48.0,8.0,1,14,-2,32856,-2,75,8
1666257034133,54519,6731,6.0,48.0,8.0,1,8,-2,4136,-2,16,8
1666257034134,54519,6732,6.0,48.0,8.0,1,9,-2,13536,-2,48,8
1666257034134,65535,6732,2.0,0.0,0.0,1,10,-2,328,-2,6,3
1666257034136,54519,6734,0.0,48.0,8.0,1,30,-2,2152,-2,4,8
1666257034138,54519,6736,6.0,48.0,8.0,1,0,-2,88,-2,4,8
1666257034139,54519,6737,0.0,48.0,8.0,1,29,-2,0,-2,2,8
1666257034142,65535,6740,2.0,0.0,0.0,1,1,-2,88,-2,2,3
1666257034147,65535,6745,2.0,0.0,0.0,1,6,-2,176,-2,4,3
1666257034148,54519,6746,0.0,48.0,8.0,1,15,-2,1128,-2,4,8
1666257034155,54519,6753,0.0,48.0,8.0,1,24,-2,1064,-2,2,8
1666257034158,54519,6756,6.0,48.0,8.0,1,9,-2,4584,-2,16,8
1666257034162,65535,6760,2.0,0.0,0.0,1,1,-2,56,-2,2,3
1666257034163,54519,6761,6.0,48.0,8.0,1,0,-2,88,-2,4,8
1666257034167,65535,6765,2.0,0.0,0.0,1,6,-2,176,-2,4,3
1666257034168,54519,6766,0.0,48.0,8.0,1,15,-2,1128,-2,4,8
1666257034174,54519,6772,6.0,48.0,8.0,1,5,-2,1384,-2,8,8
1666257034182,65535,6780,2.0,0.0,0.0,1,6,-2,176,-2,4,3
1666257034187,65535,6785,2.0,0.0,0.0,1,6,-2,176,-2,4,3
1666257034188,54519,6786,0.0,48.0,8.0,1,13,-2,904,-2,4,8
1666257034188,54519,6786,6.0,48.0,8.0,1,0,-2,88,-2,4,8
1666257034195,54519,6793,6.0,48.0,8.0,1,5,-2,1384,-2,8,8
1666257034202,65535,6800,2.0,0.0,0.0,1,4,-2,120,-2,3,3
1666257034207,65535,6805,2.0,0.0,0.0,1,6,-2,176,-2,4,3
1666257034211,65534,6809,2.0,0.0,0.0,1,5,-2,144,-2,6,2
1666257034227,65535,6825,2.0,0.0,0.0,1,6,-2,176,-2,4,3
1666257034228,54519,6826,0.0,48.0,8.0,1,15,-2,1128,-2,4,8
1666257034242,18863,6840,0.0,27.0,2.0,1,29,-2,0,-2,1,4
1666257034247,31355,6845,0.0,29.0,3.0,1,29,-2,0,-2,2,6
1666257034247,65535,6845,2.0,0.0,0.0,1,6,-2,176,-2,4,3
1666257034252,19379,6850,0.0,25.0,4.0,1,29,-2,0,-2,1,5
1666257034267,65535,6865,2.0,0.0,0.0,1,6,-2,176,-2,4,3
1666257034283,65535,6881,2.0,0.0,0.0,1,10,-2,328,-2,6,3
1666257034287,65535,6885,2.0,0.0,0.0,1,6,-2,176,-2,4,3
1666257034287,31355,6885,0.0,29.0,3.0,1,29,-2,0,-2,2,6
1666257034294,65535,6892,2.0,0.0,0.0,1,10,-2,328,-2,6,3
1666257034302,65535,6900,2.0,0.0,0.0,1,1,-2,88,-2,2,3
1666257034307,65535,6905,2.0,0.0,0.0,1,6,-2,176,-2,4,3
1666257034312,54519,6910,0.0,48.0,8.0,1,29,-2,0,-2,2,8
1666257034322,65535,6920,2.0,0.0,0.0,1,1,-2,56,-2,2,3
1666257034327,65535,6925,2.0,0.0,0.0,1,6,-2,176,-2,4,3
1666257034331,65534,6929,2.0,0.0,0.0,1,3,-2,104,-2,5,2
1666257034347,65535,6945,2.0,0.0,0.0,1,6,-2,176,-2,4,3
1666257034352,54519,6950,0.0,48.0,8.0,1,29,-2,0,-2,2,8
1666257034362,65535,6960,2.0,0.0,0.0,1,4,-2,120,-2,3,3
1666257034367,65535,6965,2.0,0.0,0.0,1,6,-2,176,-2,4,3
1666257034371,65534,6969,2.0,0.0,0.0,1,1,-2,56,-2,3,2
1666257034387,65535,6985,2.0,0.0,0.0,1,6,-2,176,-2,4,3
1666257034402,18863,7000,0.0,27.0,2.0,1,29,-2,0,-2,1,4
1666257034407,65535,7005,2.0,0.0,0.0,1,6,-2,176,-2,4,3
1666257034407,31355,7005,0.0,29.0,3.0,1,29,-2,0,-2,2,6
1666257034411,65534,7009,2.0,0.0,0.0,1,3,-2,104,-2,5,2
1666257034412,19379,7010,0.0,25.0,4.0,1,29,-2,0,-2,1,5
1666257034423,19379,7021,0.0,25.0,4.0,1,5,-2,328,-2,4,5
1666257034427,65535,7025,2.0,0.0,0.0,1,6,-2,176,-2,4,3
1666257034431,19379,7029,0.0,25.0,4.0,1,25,-2,1128,-2,2,5
1666257034432,19379,7030,6.0,25.0,4.0,1,0,-2,88,-2,4,5
1666257034433,19379,7031,6.0,25.0,4.0,1,0,-2,208,-2,8,5
1666257034433,19379,7031,0.0,25.0,4.0,1,24,-2,1064,-2,2,5
1666257034437,19379,7035,0.0,25.0,4.0,1,25,-2,1128,-2,2,5
1666257034438,2,7036,2.0,0.0,0.0,1,1,-2,56,-2,3,1
1666257034440,19379,7038,0.0,25.0,4.0,1,23,-2,1000,-2,2,5
1666257034443,65535,7041,2.0,0.0,0.0,1,10,-2,328,-2,6,3
1666257034447,65535,7045,2.0,0.0,0.0,1,6,-2,176,-2,4,3
1666257034448,19379,7046,6.0,25.0,4.0,1,0,-2,88,-2,4,5
1666257034451,65534,7049,2.0,0.0,0.0,1,1,-2,56,-2,3,2
1666257034454,65535,7052,2.0,0.0,0.0,1,10,-2,328,-2,6,3
1666257034462,65535,7060,2.0,0.0,0.0,1,1,-2,88,-2,2,3
1666257034467,65535,7065,2.0,0.0,0.0,1,6,-2,176,-2,4,3
1666257034482,65535,7080,2.0,0.0,0.0,1,1,-2,56,-2,2,3
1666257034487,31355,7085,0.0,29.0,3.0,1,29,-2,0,-2,2,6
1666257034487,65535,7085,2.0,0.0,0.0,1,6,-2,176,-2,4,3
1666257034502,65535,7100,2.0,0.0,0.0,1,6,-2,176,-2,4,3
1666257034507,65535,7105,2.0,0.0,0.0,1,6,-2,176,-2,4,3
1666257034507,54519,7105,0.0,48.0,8.0,1,29,-2,0,-2,2,8
1666257034512,54519,7110,0.0,48.0,8.0,1,29,-2,0,-2,2,8
1666257034522,65535,7120,2.0,0.0,0.0,1,4,-2,120,-2,3,3
1666257034527,65535,7125,2.0,0.0,0.0,1,6,-2,176,-2,4,3
1666257034547,65535,7145,2.0,0.0,0.0,1,6,-2,176,-2,4,3
1666257034562,18863,7160,0.0,27.0,2.0,1,29,-2,0,-2,1,4
1666257034567,65535,7165,2.0,0.0,0.0,1,6,-2,176,-2,4,3
1666257034567,31355,7165,0.0,29.0,3.0,1,29,-2,0,-2,2,6
1666257034568,54519,7166,0.0,48.0,8.0,1,14,-2,1000,-2,4,8
1666257034571,65534,7169,2.0,0.0,0.0,1,3,-2,104,-2,5,2
1666257034575,54519,7173,0.0,48.0,8.0,1,11,-2,2088,-2,12,8
1666257034576,54519,7174,0.0,48.0,8.0,1,22,-2,1384,-2,3,8
1666257034584,54519,7182,0.0,48.0,8.0,1,30,-2,1384,-2,3,8
1666257034587,65535,7185,2.0,0.0,0.0,1,6,-2,176,-2,4,3
1666257034592,54519,7190,6.0,48.0,8.0,1,0,-2,88,-2,4,8
1666257034603,65535,7201,2.0,0.0,0.0,1,10,-2,328,-2,6,3
1666257034607,65535,7205,2.0,0.0,0.0,1,6,-2,176,-2,4,3
1666257034612,19379,7210,0.0,25.0,4.0,1,29,-2,0,-2,1,5
1666257034614,65535,7212,2.0,0.0,0.0,1,10,-2,328,-2,6,3
1666257034618,54519,7216,0.0,48.0,8.0,1,14,-2,1000,-2,4,8
1666257034622,65535,7220,2.0,0.0,0.0,1,1,-2,88,-2,2,3
1666257034625,54519,7223,0.0,48.0,8.0,1,13,-2,1352,-2,6,8
1666257034626,54519,7224,0.0,48.0,8.0,1,15,-2,1736,-2,6,8
1666257034627,54519,7225,6.0,48.0,8.0,1,6,-2,1608,-2,8,8
1666257034627,65535,7225,2.0,0.0,0.0,1,6,-2,176,-2,4,3
1666257034633,54519,7231,6.0,48.0,8.0,1,18,-2,43816,-2,75,8
1666257034634,54519,7232,6.0,48.0,8.0,1,8,-2,5160,-2,20,8
1666257034638,54519,7236,0.0,48.0,8.0,1,15,-2,1128,-2,4,8
1666257034641,54519,7239,6.0,48.0,8.0,1,18,-2,43816,-2,75,8
1666257034642,65535,7240,2.0,0.0,0.0,1,1,-2,56,-2,2,3
1666257034647,31355,7245,0.0,29.0,3.0,1,29,-2,0,-2,2,6
1666257034647,54519,7245,6.0,48.0,8.0,1,6,-2,1608,-2,8,8
1666257034647,65535,7245,2.0,0.0,0.0,1,6,-2,176,-2,4,3
1666257034649,54519,7247,6.0,48.0,8.0,1,18,-2,43816,-2,75,8
1666257034651,65534,7249,2.0,0.0,0.0,1,5,-2,144,-2,6,2
1666257034658,54519,7256,0.0,48.0,8.0,1,13,-2,904,-2,4,8
1666257034661,54519,7259,6.0,48.0,8.0,1,0,-2,88,-2,4,8
1666257034667,65535,7265,2.0,0.0,0.0,1,6,-2,176,-2,4,3
1666257034668,54519,7266,0.0,48.0,8.0,1,14,-2,1000,-2,4,8
1666257034670,54519,7268,6.0,48.0,8.0,1,6,-2,4776,-2,24,8
1666257034678,54519,7276,0.0,48.0,8.0,1,22,-2,1864,-2,4,8
1666257034682,65535,7280,2.0,0.0,0.0,1,4,-2,120,-2,3,3
1666257034685,54519,7283,6.0,48.0,8.0,1,6,-2,1608,-2,8,8
1666257034686,54519,7284,0.0,48.0,8.0,1,30,-2,1864,-2,4,8
1666257034687,65535,7285,2.0,0.0,0.0,1,6,-2,176,-2,4,3
1666257034691,65534,7289,2.0,0.0,0.0,1,1,-2,56,-2,3,2
1666257034694,54519,7292,0.0,48.0,8.0,1,31,-2,1864,-2,4,8
1666257034707,65535,7305,2.0,0.0,0.0,1,6,-2,176,-2,4,3
1666257034708,54519,7306,0.0,48.0,8.0,1,9,-2,616,-2,4,8
1666257034710,54519,7308,6.0,48.0,8.0,1,0,-2,88,-2,4,8
1666257034720,54519,7318,6.0,48.0,8.0,1,5,-2,1384,-2,8,8
1666257034722,18863,7320,0.0,27.0,2.0,1,29,-2,0,-2,1,4
1666257034727,31355,7325,0.0,29.0,3.0,1,29,-2,0,-2,2,6
1666257034727,65535,7325,2.0,0.0,0.0,1,6,-2,176,-2,4,3
1666257034747,65535,7345,2.0,0.0,0.0,1,6,-2,176,-2,4,3
1666257034748,54519,7346,0.0,48.0,8.0,1,14,-2,1000,-2,4,8
1666257034763,65535,7361,2.0,0.0,0.0,1,10,-2,328,-2,6,3
1666257034767,65535,7365,2.0,0.0,0.0,1,6,-2,176,-2,4,3
1666257034771,65534,7369,2.0,0.0,0.0,1,1,-2,56,-2,3,2
1666257034774,65535,7372,2.0,0.0,0.0,1,10,-2,328,-2,6,3
1666257034782,65535,7380,2.0,0.0,0.0,1,1,-2,88,-2,2,3
1666257034787,65535,7385,2.0,0.0,0.0,1,6,-2,176,-2,4,3
1666257034798,31355,7396,0.0,29.0,3.0,1,25,-2,2280,-2,4,6
1666257034802,65535,7400,2.0,0.0,0.0,1,1,-2,56,-2,2,3
1666257034806,31355,7404,0.0,29.0,3.0,1,30,-2,2280,-2,4,6
1666257034807,65535,7405,2.0,0.0,0.0,1,6,-2,176,-2,4,3
1666257034811,65534,7409,2.0,0.0,0.0,1,3,-2,104,-2,5,2
1666257034812,19379,7410,0.0,25.0,4.0,1,29,-2,0,-2,1,5
1666257034822,65535,7420,2.0,0.0,0.0,1,6,-2,176,-2,4,3
1666257034827,65535,7425,2.0,0.0,0.0,1,6,-2,176,-2,4,3
1666257034832,54519,7430,0.0,48.0,8.0,1,29,-2,1000,-2,2,8
1666257034842,65535,7440,2.0,0.0,0.0,1,4,-2,120,-2,3,3
1666257034847,31355,7445,6.0,29.0,3.0,1,2,-2,256,-2,4,6
1666257034847,65535,7445,2.0,0.0,0.0,1,6,-2,176,-2,4,3
1666257034867,65535,7465,2.0,0.0,0.0,1,6,-2,176,-2,4,3
1666257034870,54519,7468,6.0,48.0,8.0,2,0,5,776,4968,28,8
1666257034872,54519,7470,0.0,48.0,8.0,1,29,-2,0,-2,2,8
1666257034887,65535,7485,2.0,0.0,0.0,1,6,-2,176,-2,4,3
1666257034891,65534,7489,2.0,0.0,0.0,1,1,-2,56,-2,3,2
1666257034907,65535,7505,2.0,0.0,0.0,1,6,-2,176,-2,4,3
1666257034912,54519,7510,0.0,48.0,8.0,1,29,-2,0,-2,2,8
1666257034923,65535,7521,2.0,0.0,0.0,1,10,-2,328,-2,6,3
1666257034927,31355,7525,0.0,29.0,3.0,1,29,-2,0,-2,2,6
1666257034927,65535,7525,2.0,0.0,0.0,1,6,-2,176,-2,4,3
1666257034934,65535,7532,2.0,0.0,0.0,1,10,-2,328,-2,6,3
1666257034942,65535,7540,2.0,0.0,0.0,1,1,-2,88,-2,2,3
1666257034947,65535,7545,2.0,0.0,0.0,1,6,-2,176,-2,4,3
1666257034962,65535,7560,2.0,0.0,0.0,1,1,-2,56,-2,2,3
1666257034967,65535,7565,2.0,0.0,0.0,1,6,-2,176,-2,4,3
1666257034967,31355,7565,0.0,29.0,3.0,1,29,-2,0,-2,2,6
1666257034972,19379,7570,0.0,25.0,4.0,1,29,-2,0,-2,1,5
1666257034987,65535,7585,2.0,0.0,0.0,1,6,-2,176,-2,4,3
1666257034992,54519,7590,0.0,48.0,8.0,1,29,-2,0,-2,2,8
1666257035002,65535,7600,2.0,0.0,0.0,1,4,-2,120,-2,3,3
1666257035007,65535,7605,2.0,0.0,0.0,1,6,-2,176,-2,4,3
1666257035011,65534,7609,2.0,0.0,0.0,1,3,-2,104,-2,5,2
1666257035027,65535,7625,2.0,0.0,0.0,1,6,-2,176,-2,4,3
1666257035038,2,7636,2.0,0.0,0.0,1,1,-2,56,-2,3,1
1666257035047,65535,7645,2.0,0.0,0.0,1,6,-2,176,-2,4,3
1666257035051,57333,7649,2.0,3.0,3.0,1,0,-2,328,-2,12,9
1666257035059,57333,7657,0.0,3.0,3.0,1,5,-2,680,-2,8,9
1666257035060,57333,7658,0.0,3.0,3.0,1,5,-2,680,-2,8,9
1666257035064,57333,7662,0.0,3.0,3.0,1,5,-2,680,-2,8,9
1666257035065,57333,7663,0.0,3.0,3.0,1,5,-2,680,-2,8,9
1666257035067,57333,7665,6.0,3.0,3.0,1,0,-2,88,-2,4,9
1666257035067,54519,7665,0.0,48.0,8.0,1,29,-2,0,-2,2,8
1666257035067,65535,7665,2.0,0.0,0.0,1,6,-2,176,-2,4,3
1666257035072,54519,7670,0.0,48.0,8.0,1,29,-2,0,-2,2,8
1666257035083,65535,7681,2.0,0.0,0.0,1,10,-2,328,-2,6,3
1666257035086,57333,7684,6.0,3.0,3.0,1,15,-2,1864,-2,4,9
1666257035087,65535,7685,2.0,0.0,0.0,1,6,-2,176,-2,4,3
1666257035093,57333,7691,0.0,3.0,3.0,1,18,-2,696,-2,2,9
1666257035094,65535,7692,2.0,0.0,0.0,1,10,-2,328,-2,6,3
1666257035095,57333,7693,0.0,3.0,3.0,1,20,-2,840,-2,2,9
1666257035097,57333,7695,0.0,3.0,3.0,1,20,-2,840,-2,2,9
1666257035102,65535,7700,2.0,0.0,0.0,1,1,-2,88,-2,2,3
1666257035107,65535,7705,2.0,0.0,0.0,1,6,-2,176,-2,4,3
1666257035115,57333,7713,0.0,3.0,3.0,1,20,-2,1736,-2,4,9
1666257035122,65535,7720,2.0,0.0,0.0,1,1,-2,56,-2,2,3
1666257035124,57333,7722,6.0,3.0,3.0,1,2,-2,256,-2,4,9
1666257035125,57333,7723,6.0,3.0,3.0,1,2,-2,256,-2,4,9
1666257035127,65535,7725,2.0,0.0,0.0,1,6,-2,176,-2,4,3
1666257035127,31355,7725,0.0,29.0,3.0,1,29,-2,0,-2,2,6
1666257035131,65534,7729,2.0,0.0,0.0,1,1,-2,56,-2,3,2
1666257035132,19379,7730,0.0,25.0,4.0,1,29,-2,0,-2,1,5
1666257035133,57333,7731,0.0,3.0,3.0,1,23,-2,1480,-2,3,9
1666257035136,57333,7734,6.0,3.0,3.0,1,11,-2,1288,-2,4,9
1666257035136,57333,7734,0.0,3.0,3.0,1,24,-2,1608,-2,3,9
1666257035141,57333,7739,6.0,3.0,3.0,1,2,-2,256,-2,4,9
1666257035142,65535,7740,2.0,0.0,0.0,1,6,-2,176,-2,4,3
1666257035144,57333,7742,0.0,3.0,3.0,1,22,-2,904,-2,2,9
1666257035146,57333,7744,6.0,3.0,3.0,1,2,-2,256,-2,4,9
1666257035147,65535,7745,2.0,0.0,0.0,1,6,-2,176,-2,4,3
1666257035147,57333,7745,0.0,3.0,3.0,1,22,-2,904,-2,2,9
1666257035151,57333,7749,0.0,3.0,3.0,1,24,-2,1064,-2,2,9
1666257035152,54519,7750,0.0,48.0,8.0,1,29,-2,0,-2,2,8
1666257035154,57333,7752,0.0,3.0,3.0,1,25,-2,1128,-2,2,9
1666257035159,57333,7757,6.0,3.0,3.0,1,2,-2,256,-2,4,9
1666257035162,65535,7760,2.0,0.0,0.0,1,4,-2,120,-2,3,3
1666257035167,65535,7765,2.0,0.0,0.0,1,6,-2,176,-2,4,3
1666257035171,65534,7769,2.0,0.0,0.0,1,3,-2,104,-2,5,2
1666257035187,65535,7785,2.0,0.0,0.0,1,6,-2,176,-2,4,3
1666257035207,31355,7805,0.0,29.0,3.0,1,29,-2,0,-2,2,6
1666257035207,65535,7805,2.0,0.0,0.0,1,6,-2,176,-2,4,3
1666257035227,54519,7825,6.0,48.0,8.0,1,0,-2,88,-2,4,8
1666257035227,65535,7825,2.0,0.0,0.0,1,6,-2,176,-2,4,3
1666257035227,54519,7825,0.0,48.0,8.0,1,29,-2,0,-2,2,8
1666257035232,54519,7830,0.0,48.0,8.0,1,29,-2,0,-2,2,8
1666257035243,65535,7841,2.0,0.0,0.0,1,10,-2,328,-2,6,3
1666257035247,65535,7845,2.0,0.0,0.0,1,6,-2,176,-2,4,3
1666257035254,65535,7852,2.0,0.0,0.0,1,10,-2,328,-2,6,3
1666257035262,65535,7860,2.0,0.0,0.0,1,1,-2,88,-2,2,3
1666257035267,65535,7865,2.0,0.0,0.0,1,6,-2,176,-2,4,3
1666257035275,57333,7873,0.0,3.0,3.0,1,23,-2,1992,-2,4,9
1666257035282,18863,7880,0.0,27.0,2.0,1,29,-2,0,-2,1,4
1666257035282,65535,7880,2.0,0.0,0.0,1,1,-2,56,-2,2,3
1666257035284,57333,7882,6.0,3.0,3.0,1,2,-2,256,-2,4,9
1666257035287,31355,7885,0.0,29.0,3.0,1,29,-2,0,-2,2,6
1666257035287,65535,7885,2.0,0.0,0.0,1,6,-2,176,-2,4,3
1666257035292,19379,7890,0.0,25.0,4.0,1,29,-2,0,-2,1,5
1666257035307,65535,7905,2.0,0.0,0.0,1,6,-2,176,-2,4,3
1666257035312,54519,7910,0.0,48.0,8.0,1,29,-2,0,-2,2,8
1666257035322,65535,7920,2.0,0.0,0.0,1,4,-2,120,-2,3,3
1666257035327,65535,7925,2.0,0.0,0.0,1,6,-2,176,-2,4,3
1666257035347,65535,7945,2.0,0.0,0.0,1,6,-2,176,-2,4,3
1666257035352,54519,7950,0.0,48.0,8.0,1,29,-2,0,-2,2,8
1666257035367,31355,7965,0.0,29.0,3.0,1,29,-2,0,-2,2,6
1666257035367,65535,7965,2.0,0.0,0.0,1,6,-2,176,-2,4,3
1666257035371,65534,7969,2.0,0.0,0.0,1,1,-2,56,-2,3,2
1666257035387,65535,7985,2.0,0.0,0.0,1,6,-2,176,-2,4,3
1666257035392,54519,7990,0.0,48.0,8.0,1,29,-2,0,-2,2,8
1666257035403,65535,8001,2.0,0.0,0.0,1,10,-2,328,-2,6,3
1666257035405,57333,8003,0.0,3.0,3.0,1,29,-2,0,-2,1,9
1666257035407,65535,8005,2.0,0.0,0.0,1,6,-2,176,-2,4,3
1666257035411,65534,8009,2.0,0.0,0.0,1,1,-2,56,-2,3,2
1666257035414,65535,8012,2.0,0.0,0.0,1,10,-2,328,-2,6,3
1666257035422,65535,8020,2.0,0.0,0.0,1,1,-2,88,-2,2,3
1666257035427,65535,8025,2.0,0.0,0.0,1,6,-2,176,-2,4,3
1666257035442,65535,8040,2.0,0.0,0.0,1,1,-2,56,-2,2,3
1666257035442,18863,8040,0.0,27.0,2.0,1,29,-2,0,-2,1,4
1666257035447,31355,8045,0.0,29.0,3.0,1,29,-2,0,-2,2,6
1666257035447,65535,8045,2.0,0.0,0.0,1,6,-2,176,-2,4,3
1666257035447,31355,8045,6.0,29.0,3.0,1,2,-2,256,-2,4,6
1666257035452,19379,8050,0.0,25.0,4.0,1,29,-2,0,-2,1,5
1666257035462,65535,8060,2.0,0.0,0.0,1,6,-2,176,-2,4,3
1666257035467,65535,8065,2.0,0.0,0.0,1,6,-2,176,-2,4,3
1666257035472,54519,8070,0.0,48.0,8.0,1,29,-2,0,-2,2,8
1666257035482,65535,8080,2.0,0.0,0.0,1,4,-2,120,-2,3,3
1666257035487,65535,8085,2.0,0.0,0.0,1,6,-2,176,-2,4,3
1666257035491,65534,8089,2.0,0.0,0.0,1,1,-2,56,-2,3,2
1666257035507,65535,8105,2.0,0.0,0.0,1,6,-2,176,-2,4,3
1666257035527,65535,8125,2.0,0.0,0.0,1,6,-2,176,-2,4,3
1666257035539,31355,8137,2.0,29.0,3.0,1,26,-2,23688,-2,39,6
1666257035547,65535,8145,2.0,0.0,0.0,1,6,-2,176,-2,4,3
1666257035547,54519,8145,0.0,48.0,8.0,1,29,-2,0,-2,2,8
1666257035552,54519,8150,0.0,48.0,8.0,1,29,-2,0,-2,2,8
1666257035563,65535,8161,2.0,0.0,0.0,1,10,-2,328,-2,6,3
1666257035565,57333,8163,0.0,3.0,3.0,1,29,-2,0,-2,1,9
1666257035567,65535,8165,2.0,0.0,0.0,1,6,-2,176,-2,4,3
1666257035571,65534,8169,2.0,0.0,0.0,1,1,-2,56,-2,3,2
1666257035574,65535,8172,2.0,0.0,0.0,1,10,-2,328,-2,6,3
1666257035582,65535,8180,2.0,0.0,0.0,1,1,-2,88,-2,2,3
1666257035587,65535,8185,2.0,0.0,0.0,1,6,-2,176,-2,4,3
1666257035602,65535,8200,2.0,0.0,0.0,1,1,-2,56,-2,2,3
1666257035602,18863,8200,0.0,27.0,2.0,1,29,-2,0,-2,1,4
1666257035607,31355,8205,0.0,29.0,3.0,1,29,-2,0,-2,2,6
1666257035607,65535,8205,2.0,0.0,0.0,1,6,-2,176,-2,4,3
1666257035612,19379,8210,0.0,25.0,4.0,1,29,-2,0,-2,1,5
1666257035627,65535,8225,2.0,0.0,0.0,1,6,-2,176,-2,4,3
1666257035632,54519,8230,0.0,48.0,8.0,1,29,-2,0,-2,2,8
1666257035642,65535,8240,2.0,0.0,0.0,1,4,-2,120,-2,3,3
1666257035647,65535,8245,2.0,0.0,0.0,1,6,-2,176,-2,4,3
1666257035651,65534,8249,2.0,0.0,0.0,1,3,-2,104,-2,5,2
1666257035667,65535,8265,2.0,0.0,0.0,1,6,-2,176,-2,4,3
1666257035687,65535,8285,2.0,0.0,0.0,1,6,-2,176,-2,4,3
1666257035691,65534,8289,2.0,0.0,0.0,1,1,-2,56,-2,3,2
1666257035707,54519,8305,0.0,48.0,8.0,1,29,-2,0,-2,2,8
1666257035707,65535,8305,2.0,0.0,0.0,1,6,-2,176,-2,4,3
1666257035712,54519,8310,0.0,48.0,8.0,1,29,-2,0,-2,2,8
1666257035723,65535,8321,2.0,0.0,0.0,1,10,-2,328,-2,6,3
1666257035725,57333,8323,0.0,3.0,3.0,1,29,-2,0,-2,1,9
1666257035727,65535,8325,2.0,0.0,0.0,1,6,-2,176,-2,4,3
1666257035734,65535,8332,2.0,0.0,0.0,1,10,-2,328,-2,6,3
1666257035742,65535,8340,2.0,0.0,0.0,1,1,-2,88,-2,2,3
1666257035747,65535,8345,2.0,0.0,0.0,1,6,-2,176,-2,4,3
1666257035762,18863,8360,0.0,27.0,2.0,1,29,-2,0,-2,1,4
1666257035762,65535,8360,2.0,0.0,0.0,1,1,-2,56,-2,2,3
1666257035767,65535,8365,2.0,0.0,0.0,1,6,-2,176,-2,4,3
1666257035767,31355,8365,0.0,29.0,3.0,1,29,-2,0,-2,2,6
1666257035772,19379,8370,0.0,25.0,4.0,1,29,-2,0,-2,1,5
1666257035782,65535,8380,2.0,0.0,0.0,1,6,-2,176,-2,4,3
1666257035787,65535,8385,2.0,0.0,0.0,1,6,-2,176,-2,4,3
1666257035787,54519,8385,6.0,48.0,8.0,1,20,-2,2536,-2,4,8
1666257035792,54519,8390,0.0,48.0,8.0,1,29,-2,0,-2,2,8
1666257035802,65535,8400,2.0,0.0,0.0,1,4,-2,120,-2,3,3
1666257035807,65535,8405,2.0,0.0,0.0,1,6,-2,176,-2,4,3
1666257035811,65534,8409,2.0,0.0,0.0,1,3,-2,104,-2,5,2
1666257035827,65535,8425,2.0,0.0,0.0,1,6,-2,176,-2,4,3
1666257035832,54519,8430,0.0,48.0,8.0,1,29,-2,0,-2,2,8
1666257035847,65535,8445,2.0,0.0,0.0,1,6,-2,176,-2,4,3
1666257035867,65535,8465,2.0,0.0,0.0,1,6,-2,176,-2,4,3
1666257035872,54519,8470,0.0,48.0,8.0,1,29,-2,0,-2,2,8
1666257035883,65535,8481,2.0,0.0,0.0,1,10,-2,328,-2,6,3
1666257035885,57333,8483,0.0,3.0,3.0,1,29,-2,0,-2,1,9
1666257035887,65535,8485,2.0,0.0,0.0,1,6,-2,176,-2,4,3
1666257035891,65534,8489,2.0,0.0,0.0,1,1,-2,56,-2,3,2
1666257035894,65535,8492,2.0,0.0,0.0,1,10,-2,328,-2,6,3
1666257035902,65535,8500,2.0,0.0,0.0,1,1,-2,88,-2,2,3
1666257035907,65535,8505,2.0,0.0,0.0,1,6,-2,176,-2,4,3
1666257035922,18863,8520,0.0,27.0,2.0,1,29,-2,0,-2,1,4
1666257035922,65535,8520,2.0,0.0,0.0,1,1,-2,56,-2,2,3
1666257035927,31355,8525,0.0,29.0,3.0,1,29,-2,0,-2,2,6
1666257035927,65535,8525,2.0,0.0,0.0,1,6,-2,176,-2,4,3
1666257035931,65534,8529,2.0,0.0,0.0,1,3,-2,104,-2,5,2
1666257035932,19379,8530,0.0,25.0,4.0,1,29,-2,0,-2,1,5
1666257035947,65535,8545,2.0,0.0,0.0,1,6,-2,176,-2,4,3
1666257035947,54519,8545,6.0,48.0,8.0,1,0,-2,88,-2,4,8
1666257035952,54519,8550,0.0,48.0,8.0,1,29,-2,0,-2,2,8
1666257035962,65535,8560,2.0,0.0,0.0,1,4,-2,120,-2,3,3
1666257035967,65535,8565,2.0,0.0,0.0,1,6,-2,176,-2,4,3
1666257035971,65534,8569,2.0,0.0,0.0,1,1,-2,56,-2,3,2
1666257035987,65535,8585,2.0,0.0,0.0,1,6,-2,176,-2,4,3
1666257035992,54519,8590,0.0,48.0,8.0,1,29,-2,0,-2,2,8
1666257036007,65535,8605,2.0,0.0,0.0,1,6,-2,176,-2,4,3
1666257036011,65534,8609,2.0,0.0,0.0,1,1,-2,56,-2,3,2
1666257036027,65535,8625,2.0,0.0,0.0,1,6,-2,176,-2,4,3
1666257036043,65535,8641,2.0,0.0,0.0,1,10,-2,328,-2,6,3
1666257036045,57333,8643,0.0,3.0,3.0,1,29,-2,0,-2,1,9
1666257036047,65535,8645,2.0,0.0,0.0,1,6,-2,176,-2,4,3
1666257036054,65535,8652,2.0,0.0,0.0,1,10,-2,328,-2,6,3
1666257036062,65535,8660,2.0,0.0,0.0,1,1,-2,88,-2,2,3
1666257036067,65535,8665,2.0,0.0,0.0,1,6,-2,176,-2,4,3
1666257036082,65535,8680,2.0,0.0,0.0,1,1,-2,56,-2,2,3
1666257036082,18863,8680,0.0,27.0,2.0,1,29,-2,0,-2,1,4
1666257036087,65535,8685,2.0,0.0,0.0,1,6,-2,176,-2,4,3
1666257036087,31355,8685,0.0,29.0,3.0,1,29,-2,0,-2,2,6
1666257036091,65534,8689,2.0,0.0,0.0,1,3,-2,104,-2,5,2
1666257036092,19379,8690,0.0,25.0,4.0,1,29,-2,0,-2,1,5
1666257036102,65535,8700,2.0,0.0,0.0,1,6,-2,176,-2,4,3
1666257036107,65535,8705,2.0,0.0,0.0,1,6,-2,176,-2,4,3
1666257036112,54519,8710,0.0,48.0,8.0,1,29,-2,0,-2,2,8
1666257036122,65535,8720,2.0,0.0,0.0,1,4,-2,120,-2,3,3
1666257036127,65535,8725,2.0,0.0,0.0,1,6,-2,176,-2,4,3
1666257036131,65534,8729,2.0,0.0,0.0,1,5,-2,144,-2,6,2
1666257036133,19379,8731,0.0,25.0,4.0,1,5,-2,328,-2,4,5
1666257036141,19379,8739,0.0,25.0,4.0,1,5,-2,328,-2,4,5
1666257036147,65535,8745,2.0,0.0,0.0,1,6,-2,176,-2,4,3
1666257036149,19379,8747,0.0,25.0,4.0,1,5,-2,328,-2,4,5
1666257036152,54519,8750,0.0,48.0,8.0,1,29,-2,0,-2,2,8
1666257036157,19379,8755,0.0,25.0,4.0,1,5,-2,328,-2,4,5
1666257036165,19379,8763,0.0,25.0,4.0,1,5,-2,328,-2,4,5
1666257036167,65535,8765,2.0,0.0,0.0,1,6,-2,176,-2,4,3
1666257036173,19379,8771,0.0,25.0,4.0,1,5,-2,328,-2,4,5
1666257036175,57333,8773,0.0,3.0,3.0,1,19,-2,1544,-2,4,9
1666257036184,57333,8782,6.0,3.0,3.0,1,2,-2,256,-2,4,9
1666257036187,54519,8785,6.0,48.0,8.0,1,0,-2,88,-2,4,8
1666257036187,65535,8785,2.0,0.0,0.0,1,6,-2,176,-2,4,3
1666257036203,65535,8801,2.0,0.0,0.0,1,10,-2,328,-2,6,3
1666257036207,65535,8805,2.0,0.0,0.0,1,6,-2,176,-2,4,3
1666257036211,65534,8809,2.0,0.0,0.0,1,3,-2,104,-2,5,2
1666257036214,65535,8812,2.0,0.0,0.0,1,10,-2,328,-2,6,3
1666257036222,65535,8820,2.0,0.0,0.0,1,1,-2,88,-2,2,3
1666257036227,65535,8825,2.0,0.0,0.0,1,6,-2,176,-2,4,3
1666257036242,65535,8840,2.0,0.0,0.0,1,1,-2,56,-2,2,3
1666257036242,18863,8840,0.0,27.0,2.0,1,29,-2,0,-2,1,4
1666257036247,65535,8845,2.0,0.0,0.0,1,6,-2,176,-2,4,3
1666257036247,31355,8845,0.0,29.0,3.0,1,29,-2,0,-2,2,6
1666257036251,65534,8849,2.0,0.0,0.0,1,1,-2,56,-2,3,2
1666257036252,19379,8850,0.0,25.0,4.0,1,29,-2,0,-2,3,5
1666257036267,65535,8865,2.0,0.0,0.0,1,6,-2,176,-2,4,3
1666257036272,54519,8870,0.0,48.0,8.0,1,29,-2,0,-2,2,8
1666257036282,65535,8880,2.0,0.0,0.0,1,4,-2,120,-2,3,3
1666257036287,65535,8885,2.0,0.0,0.0,1,6,-2,176,-2,4,3
1666257036291,65534,8889,2.0,0.0,0.0,1,1,-2,56,-2,3,2
1666257036307,65535,8905,2.0,0.0,0.0,1,6,-2,176,-2,4,3
1666257036325,57333,8923,0.0,3.0,3.0,1,29,-2,0,-2,1,9
1666257036327,65535,8925,2.0,0.0,0.0,1,6,-2,176,-2,4,3
1666257036327,31355,8925,2.0,29.0,3.0,1,21,-2,1736,-2,4,6
1666257036331,65534,8929,2.0,0.0,0.0,1,1,-2,56,-2,3,2
1666257036335,31355,8933,0.0,29.0,3.0,1,5,-2,680,-2,8,6
1666257036336,31355,8934,0.0,29.0,3.0,1,5,-2,680,-2,8,6
1666257036337,31355,8935,0.0,29.0,3.0,1,5,-2,680,-2,8,6
1666257036338,31355,8936,0.0,29.0,3.0,1,5,-2,680,-2,8,6
1666257036339,31355,8937,0.0,29.0,3.0,1,5,-2,680,-2,8,6
1666257036340,31355,8938,0.0,29.0,3.0,1,5,-2,680,-2,8,6
1666257036341,31355,8939,0.0,29.0,3.0,1,5,-2,680,-2,8,6
1666257036343,31355,8941,6.0,29.0,3.0,1,1,-2,176,-2,4,6
1666257036347,65535,8945,2.0,0.0,0.0,1,6,-2,176,-2,4,3
1666257036363,65535,8961,2.0,0.0,0.0,1,10,-2,328,-2,6,3
1666257036367,65535,8965,2.0,0.0,0.0,1,6,-2,176,-2,4,3
1666257036371,65534,8969,2.0,0.0,0.0,1,3,-2,104,-2,5,2
1666257036374,65535,8972,2.0,0.0,0.0,1,10,-2,328,-2,6,3
1666257036382,65535,8980,2.0,0.0,0.0,1,1,-2,88,-2,2,3
1666257036387,65535,8985,2.0,0.0,0.0,1,6,-2,176,-2,4,3
1666257036402,18863,9000,0.0,27.0,2.0,1,29,-2,0,-2,1,4
1666257036402,65535,9000,2.0,0.0,0.0,1,1,-2,56,-2,2,3
1666257036407,65535,9005,2.0,0.0,0.0,1,6,-2,176,-2,4,3
1666257036412,19379,9010,0.0,25.0,4.0,1,29,-2,0,-2,3,5
1666257036422,65535,9020,2.0,0.0,0.0,1,6,-2,176,-2,4,3
1666257036427,65535,9025,2.0,0.0,0.0,1,6,-2,176,-2,4,3
1666257036432,54519,9030,0.0,48.0,8.0,1,29,-2,0,-2,2,8
1666257036442,65535,9040,2.0,0.0,0.0,1,4,-2,120,-2,3,3
1666257036447,65535,9045,2.0,0.0,0.0,1,6,-2,176,-2,4,3
1666257036467,65535,9065,2.0,0.0,0.0,1,6,-2,176,-2,4,3
1666257036485,57333,9083,0.0,3.0,3.0,1,29,-2,0,-2,1,9
1666257036487,31355,9085,0.0,29.0,3.0,1,29,-2,0,-2,2,6
1666257036487,65535,9085,2.0,0.0,0.0,1,6,-2,176,-2,4,3
1666257036491,65534,9089,2.0,0.0,0.0,1,3,-2,104,-2,5,2
1666257036498,54519,9096,0.0,48.0,8.0,1,15,-2,1128,-2,4,8
1666257036506,54519,9104,0.0,48.0,8.0,1,30,-2,1128,-2,4,8
1666257036507,65535,9105,2.0,0.0,0.0,1,6,-2,176,-2,4,3
1666257036523,65535,9121,2.0,0.0,0.0,1,10,-2,328,-2,6,3
1666257036527,65535,9125,2.0,0.0,0.0,1,6,-2,176,-2,4,3
1666257036534,65535,9132,2.0,0.0,0.0,1,10,-2,328,-2,6,3
1666257036542,65535,9140,2.0,0.0,0.0,1,1,-2,88,-2,2,3
1666257036547,65535,9145,2.0,0.0,0.0,1,6,-2,176,-2,4,3
1666257036562,65535,9160,2.0,0.0,0.0,1,1,-2,56,-2,2,3
1666257036562,18863,9160,0.0,27.0,2.0,1,29,-2,0,-2,1,4
1666257036567,65535,9165,2.0,0.0,0.0,1,6,-2,176,-2,4,3
1666257036587,65535,9185,2.0,0.0,0.0,1,6,-2,176,-2,4,3
1666257036602,65535,9200,2.0,0.0,0.0,1,4,-2,120,-2,3,3
1666257036607,65535,9205,2.0,0.0,0.0,1,6,-2,176,-2,4,3
1666257036611,65534,9209,2.0,0.0,0.0,1,3,-2,104,-2,5,2
1666257036627,65535,9225,2.0,0.0,0.0,1,6,-2,176,-2,4,3
1666257036638,2,9236,2.0,0.0,0.0,1,1,-2,56,-2,3,1
1666257036647,65535,9245,2.0,0.0,0.0,1,6,-2,176,-2,4,3
1666257036659,43291,9257,0.0,12.0,5.0,1,5,-2,680,-2,8,7
1666257036662,43291,9260,0.0,12.0,5.0,1,5,-2,680,-2,8,7
1666257036663,43291,9261,0.0,12.0,5.0,1,5,-2,680,-2,8,7
1666257036664,43291,9262,0.0,12.0,5.0,1,5,-2,680,-2,8,7
1666257036667,43291,9265,6.0,12.0,5.0,1,0,-2,88,-2,4,7
1666257036667,54519,9265,6.0,48.0,8.0,1,0,-2,648,-2,24,8
1666257036667,65535,9265,2.0,0.0,0.0,1,6,-2,176,-2,4,3
1666257036683,65535,9281,2.0,0.0,0.0,1,10,-2,328,-2,6,3
1666257036684,57333,9282,0.0,3.0,3.0,1,29,-2,0,-2,1,9
1666257036687,65535,9285,2.0,0.0,0.0,1,6,-2,176,-2,4,3
1666257036691,65534,9289,2.0,0.0,0.0,1,3,-2,104,-2,5,2
1666257036694,43291,9292,6.0,12.0,5.0,1,8,-2,2024,-2,8,7
1666257036694,65535,9292,2.0,0.0,0.0,1,10,-2,328,-2,6,3
1666257036702,43291,9300,0.0,12.0,5.0,1,20,-2,1736,-2,4,7
1666257036702,65535,9300,2.0,0.0,0.0,1,1,-2,88,-2,2,3
1666257036703,43291,9301,0.0,12.0,5.0,1,18,-2,696,-2,2,7
1666257036704,43291,9302,0.0,12.0,5.0,1,20,-2,840,-2,2,7
1666257036705,43291,9303,0.0,12.0,5.0,1,20,-2,840,-2,2,7
1666257036706,43291,9304,0.0,12.0,5.0,1,20,-2,840,-2,2,7
1666257036707,43291,9305,0.0,12.0,5.0,1,20,-2,840,-2,2,7
1666257036707,65535,9305,2.0,0.0,0.0,1,6,-2,176,-2,4,3
1666257036707,54519,9305,6.0,48.0,8.0,1,0,-2,648,-2,24,8
1666257036708,43291,9306,0.0,12.0,5.0,1,18,-2,696,-2,2,7
1666257036722,43291,9320,0.0,12.0,5.0,1,20,-2,1736,-2,4,7
1666257036722,65535,9320,2.0,0.0,0.0,1,1,-2,56,-2,2,3
1666257036727,65535,9325,2.0,0.0,0.0,1,6,-2,176,-2,4,3
1666257036731,65534,9329,2.0,0.0,0.0,1,1,-2,56,-2,3,2
1666257036742,65535,9340,2.0,0.0,0.0,1,6,-2,176,-2,4,3
1666257036747,65535,9345,2.0,0.0,0.0,1,6,-2,176,-2,4,3
1666257036747,54519,9345,6.0,48.0,8.0,1,0,-2,648,-2,24,8
1666257036761,43291,9359,6.0,12.0,5.0,1,14,-2,3496,-2,8,7
1666257036762,65535,9360,2.0,0.0,0.0,1,4,-2,120,-2,3,3
1666257036767,65535,9365,2.0,0.0,0.0,1,6,-2,176,-2,4,3
1666257036769,43291,9367,0.0,12.0,5.0,1,26,-2,584,-2,1,7
1666257036770,43291,9368,0.0,12.0,5.0,1,26,-2,1192,-2,2,7
1666257036771,65534,9369,2.0,0.0,0.0,1,3,-2,104,-2,5,2
1666257036771,43291,9369,0.0,12.0,5.0,1,27,-2,1256,-2,2,7
1666257036772,43291,9370,0.0,12.0,5.0,1,27,-2,1256,-2,2,7
1666257036773,43291,9371,0.0,12.0,5.0,1,25,-2,1128,-2,2,7
1666257036774,43291,9372,0.0,12.0,5.0,1,26,-2,1192,-2,2,7
1666257036775,43291,9373,0.0,12.0,5.0,1,26,-2,1192,-2,2,7
1666257036776,43291,9374,0.0,12.0,5.0,1,23,-2,1480,-2,3,7
1666257036778,43291,9376,6.0,12.0,5.0,1,0,-2,88,-2,4,7
1666257036778,43291,9376,0.0,12.0,5.0,1,23,-2,1000,-2,2,7
1666257036779,43291,9377,0.0,12.0,5.0,1,25,-2,1128,-2,2,7
1666257036780,43291,9378,6.0,12.0,5.0,1,3,-2,392,-2,4,7
1666257036780,43291,9378,0.0,12.0,5.0,1,24,-2,1064,-2,2,7
1666257036781,43291,9379,0.0,12.0,5.0,1,24,-2,1064,-2,2,7
1666257036782,43291,9380,0.0,12.0,5.0,1,24,-2,1064,-2,2,7
1666257036783,43291,9381,0.0,12.0,5.0,1,23,-2,1000,-2,2,7
1666257036784,43291,9382,0.0,12.0,5.0,1,25,-2,1128,-2,2,7
1666257036785,43291,9383,0.0,12.0,5.0,1,25,-2,1128,-2,2,7
1666257036786,43291,9384,0.0,12.0,5.0,1,25,-2,1128,-2,2,7
1666257036787,65535,9385,2.0,0.0,0.0,1,6,-2,176,-2,4,3
1666257036789,43291,9387,0.0,12.0,5.0,1,26,-2,584,-2,1,7
1666257036791,43291,9389,0.0,12.0,5.0,1,25,-2,1128,-2,2,7
1666257036792,43291,9390,0.0,12.0,5.0,1,25,-2,1128,-2,2,7
1666257036793,43291,9391,0.0,12.0,5.0,1,25,-2,1128,-2,2,7
1666257036794,43291,9392,0.0,12.0,5.0,1,26,-2,1192,-2,2,7
1666257036795,43291,9393,0.0,12.0,5.0,1,26,-2,1192,-2,2,7
1666257036797,43291,9395,6.0,12.0,5.0,1,0,-2,88,-2,4,7
1666257036807,65535,9405,2.0,0.0,0.0,1,6,-2,176,-2,4,3
1666257036807,31355,9405,0.0,29.0,3.0,1,29,-2,0,-2,2,6
1666257036827,54519,9425,6.0,48.0,8.0,1,0,-2,648,-2,24,8
1666257036827,65535,9425,2.0,0.0,0.0,1,6,-2,176,-2,4,3
1666257036828,54519,9426,6.0,48.0,8.0,1,0,-2,648,-2,24,8
1666257036835,54519,9433,6.0,48.0,8.0,1,0,-2,648,-2,24,8
1666257036843,65535,9441,2.0,0.0,0.0,1,10,-2,328,-2,6,3
1666257036844,57333,9442,0.0,3.0,3.0,1,29,-2,0,-2,1,9
1666257036847,65535,9445,2.0,0.0,0.0,1,6,-2,176,-2,4,3
1666257036854,65535,9452,2.0,0.0,0.0,1,10,-2,328,-2,6,3
1666257036862,65535,9460,2.0,0.0,0.0,1,1,-2,88,-2,2,3
1666257036867,65535,9465,2.0,0.0,0.0,1,6,-2,176,-2,4,3
1666257036882,65535,9480,2.0,0.0,0.0,1,1,-2,56,-2,2,3
1666257036882,18863,9480,0.0,27.0,2.0,1,29,-2,0,-2,1,4
1666257036887,65535,9485,2.0,0.0,0.0,1,6,-2,176,-2,4,3
1666257036891,65534,9489,2.0,0.0,0.0,1,1,-2,56,-2,3,2
1666257036907,65535,9505,2.0,0.0,0.0,1,6,-2,176,-2,4,3
1666257036921,43291,9519,0.0,12.0,5.0,1,29,-2,0,-2,1,7
1666257036922,65535,9520,2.0,0.0,0.0,1,4,-2,120,-2,3,3
1666257036927,65535,9525,2.0,0.0,0.0,1,6,-2,176,-2,4,3
1666257036947,65535,9545,2.0,0.0,0.0,1,6,-2,176,-2,4,3
1666257036967,31355,9565,0.0,29.0,3.0,1,29,-2,0,-2,2,6
1666257036967,65535,9565,2.0,0.0,0.0,1,6,-2,176,-2,4,3
1666257036987,65535,9585,2.0,0.0,0.0,1,6,-2,176,-2,4,3
1666257037003,65535,9601,2.0,0.0,0.0,1,10,-2,328,-2,6,3
1666257037004,57333,9602,0.0,3.0,3.0,1,29,-2,0,-2,1,9
1666257037007,65535,9605,2.0,0.0,0.0,1,6,-2,176,-2,4,3
1666257037011,65534,9609,2.0,0.0,0.0,1,3,-2,104,-2,5,2
1666257037014,65535,9612,2.0,0.0,0.0,1,10,-2,328,-2,6,3
1666257037022,65535,9620,2.0,0.0,0.0,1,1,-2,88,-2,2,3
1666257037027,65535,9625,2.0,0.0,0.0,1,6,-2,176,-2,4,3
1666257037042,18863,9640,0.0,27.0,2.0,1,29,-2,0,-2,1,4
1666257037042,65535,9640,2.0,0.0,0.0,1,1,-2,56,-2,2,3
1666257037047,65535,9645,2.0,0.0,0.0,1,6,-2,176,-2,4,3
1666257037062,65535,9660,2.0,0.0,0.0,1,6,-2,176,-2,4,3
1666257037067,65535,9665,2.0,0.0,0.0,1,6,-2,176,-2,4,3
1666257037081,43291,9679,0.0,12.0,5.0,1,29,-2,0,-2,1,7
1666257037082,65535,9680,2.0,0.0,0.0,1,4,-2,120,-2,3,3
1666257037087,65535,9685,2.0,0.0,0.0,1,6,-2,176,-2,4,3
1666257037091,65534,9689,2.0,0.0,0.0,1,1,-2,56,-2,3,2
1666257037107,65535,9705,2.0,0.0,0.0,1,6,-2,176,-2,4,3
